subscription_id,user_id,plan_name,start_date,end_date,amount,payment_status
1,726,Premium,2025-10-04,2025-11-07,499,Paid
2,822,Premium,2025-07-31,2027-01-30,499,Pending
3,491,Pro,2025-01-02,2026-11-06,999,Paid
4,671,Free,2025-05-30,,0,Pending
5,18,Premium,2026-05-28,2027-04-08,499,Paid
6,571,Pro,2026-04-19,2026-12-08,999,Paid
7,237,Pro,2024-08-02,2027-02-13,999,Paid
8,492,Premium,2026-06-04,2026-11-30,499,Pending
9,635,Free,2024-10-10,,0,Pending
10,10,Pro,2025-11-25,2027-06-06,999,Failed
11,639,Free,2026-05-16,,0,Failed
12,656,Free,2026-03-22,,0,Failed
13,883,Pro,2025-04-03,2025-11-12,999,Pending
14,180,Premium,2025-12-19,2027-01-30,499,Failed
15,981,Premium,2025-04-15,2027-01-04,499,Paid
16,739,Pro,2025-08-22,2026-11-11,999,Pending
17,614,Pro,2025-02-13,2025-09-26,999,Paid
18,640,Pro,2025-04-01,2026-01-07,999,Failed
19,611,Premium,2025-09-21,2026-06-13,499,Pending
20,116,Pro,2024-07-17,2025-07-20,999,Failed
21,746,Pro,2024-10-11,2025-03-28,999,Pending
22,210,Free,2026-01-12,,0,Failed
23,348,Pro,2024-12-04,2025-06-13,999,Failed
24,521,Free,2024-10-23,,0,Pending
25,173,Pro,2025-10-21,2026-12-14,999,Paid
26,750,Premium,2024-09-26,2025-09-13,499,Pending
27,42,Premium,2025-06-19,2026-04-23,499,Paid
28,828,Free,2026-04-21,,0,Paid
29,898,Premium,2025-04-14,2027-05-15,499,Failed
30,412,Free,2024-11-01,,0,Paid
31,26,Free,2025-03-03,,0,Pending
32,747,Free,2026-02-06,,0,Failed
33,702,Free,2025-11-06,,0,Failed
34,259,Pro,2024-08-28,2025-06-18,999,Paid
35,164,Premium,2024-10-26,2026-10-22,499,Paid
36,32,Premium,2025-05-26,2027-06-12,499,Failed
37,260,Premium,2025-08-21,2025-11-06,499,Failed
38,121,Premium,2025-06-24,2026-02-26,499,Pending
39,652,Free,2024-08-20,,0,Paid
40,812,Premium,2025-05-24,2025-12-08,499,Pending
41,669,Premium,2025-06-20,2025-07-23,499,Pending
42,856,Premium,2025-05-27,2025-11-07,499,Failed
43,325,Pro,2024-12-06,2026-01-29,999,Paid
44,365,Pro,2024-10-21,2026-06-02,999,Failed
45,83,Pro,2025-02-20,2026-07-23,999,Pending
46,861,Free,2025-03-12,,0,Pending
47,49,Free,2025-06-18,,0,Failed
48,699,Pro,2026-04-05,2026-10-09,999,Failed
49,394,Premium,2025-01-21,2026-02-14,499,Pending
50,295,Free,2025-09-13,,0,Paid
51,329,Pro,2024-09-30,2025-11-20,999,Paid
52,248,Free,2025-12-01,,0,Pending
53,157,Free,2025-06-13,,0,Pending
54,977,Free,2025-01-28,,0,Pending
55,619,Premium,2026-02-25,2027-05-27,499,Paid
56,118,Pro,2025-09-29,2026-05-28,999,Paid
57,623,Free,2025-12-30,,0,Paid
58,865,Premium,2026-05-17,2027-04-09,499,Pending
59,408,Premium,2025-05-16,2026-12-31,499,Failed
60,845,Free,2026-06-09,,0,Paid
61,528,Free,2025-04-28,,0,Paid
62,961,Free,2024-09-22,,0,Paid
63,916,Free,2025-12-29,,0,Paid
64,689,Premium,2025-03-14,2025-04-24,499,Pending
65,691,Pro,2024-11-10,2027-04-23,999,Paid
66,994,Free,2024-10-21,,0,Failed
67,308,Premium,2026-06-26,2027-03-10,499,Paid
68,572,Pro,2025-09-09,2025-10-13,999,Paid
69,741,Pro,2026-01-27,2026-07-11,999,Paid
70,721,Free,2025-09-06,,0,Failed
71,299,Pro,2025-08-01,2025-09-12,999,Failed
72,443,Free,2025-02-03,,0,Pending
73,533,Pro,2025-11-23,2026-10-22,999,Pending
74,41,Free,2026-05-06,,0,Pending
75,50,Free,2024-08-21,,0,Pending
76,320,Free,2025-10-05,,0,Paid
77,353,Pro,2025-09-13,2026-10-09,999,Failed
78,817,Premium,2026-02-06,2026-12-28,499,Pending
79,832,Pro,2026-03-19,2026-07-24,999,Failed
80,328,Free,2024-11-30,,0,Failed
81,868,Free,2026-03-06,,0,Paid
82,318,Premium,2024-10-21,2027-01-21,499,Paid
83,583,Pro,2024-12-21,2026-04-19,999,Failed
84,304,Pro,2025-10-09,2026-03-12,999,Paid
85,485,Free,2024-07-25,,0,Failed
86,968,Pro,2026-04-12,2027-03-19,999,Paid
87,649,Pro,2025-09-14,2026-09-13,999,Pending
88,884,Pro,2025-01-19,2025-12-08,999,Pending
89,245,Pro,2024-08-29,2024-12-30,999,Failed
90,638,Free,2025-10-18,,0,Failed
91,567,Pro,2024-09-09,2027-03-14,999,Failed
92,749,Pro,2025-07-14,2027-01-30,999,Paid
93,252,Free,2026-01-23,,0,Paid
94,729,Pro,2024-10-05,2027-05-15,999,Paid
95,847,Premium,2026-05-22,2026-12-12,499,Pending
96,174,Premium,2024-11-08,2026-07-20,499,Failed
97,937,Premium,2025-09-05,2026-05-07,499,Pending
98,894,Free,2024-10-14,,0,Paid
99,257,Premium,2025-02-25,2026-02-10,499,Pending
100,624,Premium,2025-08-19,2026-06-16,499,Failed
101,262,Free,2026-01-16,,0,Pending
102,188,Free,2025-10-14,,0,Paid
103,192,Premium,2024-10-22,2027-02-28,499,Pending
104,878,Free,2025-09-11,,0,Pending
105,685,Premium,2025-05-01,2026-06-02,499,Paid
106,536,Free,2026-04-06,,0,Paid
107,978,Pro,2025-03-23,2025-05-20,999,Failed
108,590,Free,2025-02-25,,0,Paid
109,815,Pro,2024-10-05,2026-02-21,999,Paid
110,709,Pro,2025-08-26,2026-07-02,999,Paid
111,19,Free,2026-05-14,,0,Failed
112,233,Pro,2026-03-16,2026-06-27,999,Failed
113,782,Premium,2025-08-13,2027-03-07,499,Paid
114,672,Premium,2026-06-24,2026-10-08,499,Failed
115,386,Free,2025-03-25,,0,Pending
116,479,Pro,2025-05-02,2025-08-17,999,Pending
117,352,Premium,2026-03-08,2027-02-26,499,Paid
118,429,Premium,2024-07-14,2025-03-05,499,Paid
119,719,Free,2024-12-19,,0,Failed
120,841,Pro,2025-09-06,2025-12-25,999,Failed
121,142,Premium,2025-07-29,2026-04-04,499,Pending
122,530,Pro,2024-12-23,2026-02-13,999,Failed
123,423,Pro,2026-04-07,2027-03-25,999,Paid
124,777,Premium,2025-10-02,2026-10-14,499,Paid
125,500,Pro,2025-02-08,2026-08-29,999,Paid
126,269,Premium,2025-10-08,2026-05-31,499,Failed
127,527,Pro,2026-04-17,2027-04-12,999,Pending
128,996,Premium,2025-11-23,2027-06-08,499,Paid
129,204,Premium,2024-12-07,2026-12-31,499,Pending
130,743,Premium,2025-11-17,2027-05-20,499,Failed
131,286,Premium,2025-06-06,2026-11-29,499,Pending
132,87,Pro,2024-12-14,2026-05-05,999,Failed
133,241,Pro,2025-04-30,2026-06-08,999,Pending
134,584,Pro,2026-01-31,2026-04-19,999,Paid
135,471,Premium,2026-03-08,2026-12-30,499,Failed
136,951,Pro,2026-04-03,2027-01-18,999,Paid
137,330,Premium,2024-09-09,2026-07-03,499,Pending
138,874,Free,2025-10-11,,0,Failed
139,681,Premium,2025-12-30,2026-07-14,499,Failed
140,102,Free,2025-08-23,,0,Failed
141,586,Free,2025-02-18,,0,Pending
142,74,Free,2026-01-05,,0,Paid
143,696,Pro,2026-02-01,2026-06-16,999,Paid
144,46,Pro,2025-02-06,2025-07-15,999,Failed
145,356,Free,2026-04-01,,0,Paid
146,850,Pro,2026-02-21,2026-04-11,999,Pending
147,570,Free,2025-08-14,,0,Pending
148,75,Premium,2026-03-28,2026-10-07,499,Paid
149,214,Premium,2025-10-05,2026-04-29,499,Pending
150,483,Premium,2025-12-29,2026-03-13,499,Pending
151,618,Premium,2024-09-20,2026-03-27,499,Paid
152,613,Premium,2025-07-31,2026-01-31,499,Failed
153,85,Premium,2025-10-04,2026-06-02,499,Paid
154,658,Premium,2024-07-27,2025-10-13,499,Failed
155,569,Premium,2025-02-16,2026-02-01,499,Paid
156,504,Premium,2025-05-06,2025-12-27,499,Pending
157,665,Free,2024-08-22,,0,Paid
158,990,Pro,2024-12-06,2025-04-03,999,Pending
159,249,Free,2025-10-24,,0,Paid
160,150,Pro,2024-09-05,2026-12-01,999,Failed
161,62,Pro,2024-10-30,2027-02-19,999,Paid
162,796,Premium,2024-07-17,2026-08-10,499,Paid
163,695,Free,2025-10-18,,0,Failed
164,924,Premium,2026-06-15,2026-10-16,499,Pending
165,503,Pro,2024-07-23,2026-09-13,999,Failed
166,420,Free,2025-05-25,,0,Paid
167,668,Free,2025-04-22,,0,Failed
168,162,Free,2026-03-15,,0,Pending
169,724,Free,2026-02-10,,0,Pending
170,266,Premium,2026-01-25,2027-03-23,499,Paid
171,222,Pro,2025-03-11,2027-03-18,999,Failed
172,914,Pro,2025-10-25,2026-06-21,999,Pending
173,560,Premium,2024-10-18,2024-11-29,499,Pending
174,179,Premium,2024-07-22,2027-02-14,499,Failed
175,575,Premium,2026-06-25,2026-12-01,499,Failed
176,40,Pro,2024-08-13,2026-09-28,999,Pending
177,139,Premium,2024-07-14,2025-10-16,499,Failed
178,714,Premium,2025-11-07,2026-10-03,499,Pending
179,268,Pro,2025-03-02,2025-05-12,999,Failed
180,598,Free,2026-02-06,,0,Failed
181,422,Pro,2025-05-31,2027-07-03,999,Failed
182,543,Premium,2026-02-18,2026-09-18,499,Paid
183,766,Free,2024-08-27,,0,Failed
184,765,Free,2024-10-16,,0,Failed
185,862,Free,2025-06-07,,0,Failed
186,53,Premium,2024-12-20,2026-11-25,499,Failed
187,606,Premium,2024-11-26,2026-12-18,499,Pending
188,404,Pro,2024-12-03,2027-04-11,999,Pending
189,409,Pro,2024-10-26,2026-12-01,999,Pending
190,201,Premium,2026-04-08,2027-06-12,499,Failed
191,950,Premium,2026-06-22,2026-09-20,499,Paid
192,573,Pro,2024-08-30,2026-01-28,999,Pending
193,727,Pro,2024-07-05,2027-04-07,999,Paid
194,377,Pro,2026-03-20,2026-09-12,999,Paid
195,842,Free,2024-07-24,,0,Pending
196,79,Premium,2025-01-17,2025-06-30,499,Pending
197,191,Premium,2026-04-24,2026-07-26,499,Failed
198,923,Premium,2024-12-23,2027-06-03,499,Pending
199,593,Free,2024-12-14,,0,Pending
200,805,Premium,2024-09-08,2025-04-28,499,Paid
201,955,Pro,2025-03-23,2026-11-19,999,Paid
202,410,Premium,2025-03-26,2027-03-30,499,Failed
203,997,Pro,2024-12-10,2025-01-27,999,Paid
204,763,Free,2026-01-18,,0,Pending
205,28,Pro,2024-12-15,2026-09-27,999,Pending
206,770,Premium,2025-01-09,2027-07-01,499,Pending
207,195,Pro,2024-07-15,2025-12-09,999,Paid
208,447,Free,2024-08-22,,0,Failed
209,371,Premium,2024-11-10,2025-05-21,499,Failed
210,382,Pro,2024-10-19,2024-12-02,999,Failed
211,393,Premium,2026-02-08,2026-08-21,499,Failed
212,632,Pro,2024-10-31,2025-08-13,999,Paid
213,401,Premium,2026-01-09,2027-02-04,499,Pending
214,44,Premium,2024-10-29,2026-11-29,499,Failed
215,402,Free,2025-04-23,,0,Pending
216,552,Pro,2025-12-05,2026-02-21,999,Paid
217,385,Pro,2024-11-09,2026-10-25,999,Failed
218,889,Pro,2025-10-08,2026-08-01,999,Pending
219,666,Premium,2025-01-05,2025-05-24,499,Failed
220,172,Free,2025-11-03,,0,Paid
221,574,Premium,2025-01-11,2026-06-06,499,Paid
222,931,Premium,2025-03-12,2026-03-19,499,Failed
223,459,Free,2024-08-04,,0,Paid
224,446,Pro,2024-08-13,2025-12-28,999,Failed
225,437,Premium,2025-09-02,2025-11-21,499,Pending
226,774,Premium,2025-05-26,2026-12-14,499,Pending
227,93,Pro,2024-09-17,2026-11-26,999,Failed
228,783,Free,2026-03-25,,0,Failed
229,340,Pro,2024-12-09,2024-12-30,999,Pending
230,108,Premium,2025-04-04,2025-07-13,499,Paid
231,468,Premium,2024-08-24,2025-03-14,499,Failed
232,707,Pro,2026-05-09,2026-06-30,999,Failed
233,716,Free,2025-11-26,,0,Paid
234,158,Premium,2025-05-26,2027-01-17,499,Pending
235,84,Premium,2025-07-30,2027-01-08,499,Pending
236,975,Pro,2025-07-23,2027-01-07,999,Failed
237,563,Free,2026-04-27,,0,Pending
238,780,Free,2024-10-29,,0,Failed
239,115,Pro,2024-08-26,2026-10-02,999,Failed
240,674,Pro,2026-03-19,2027-03-11,999,Paid
241,66,Free,2024-12-09,,0,Paid
242,60,Premium,2025-01-20,2026-12-25,499,Paid
243,387,Premium,2024-12-08,2025-02-25,499,Pending
244,529,Premium,2025-11-09,2026-02-19,499,Paid
245,881,Premium,2026-01-12,2026-08-29,499,Paid
246,776,Premium,2026-01-03,2026-03-01,499,Failed
247,298,Premium,2025-10-28,2026-10-21,499,Pending
248,761,Free,2024-09-16,,0,Failed
249,982,Pro,2024-07-08,2025-09-26,999,Paid
250,875,Premium,2025-03-16,2026-08-30,499,Pending
251,17,Free,2025-08-07,,0,Pending
252,508,Pro,2025-08-24,2026-12-04,999,Failed
253,124,Premium,2026-02-08,2027-04-20,499,Paid
254,754,Pro,2026-06-02,2027-01-04,999,Failed
255,688,Free,2025-06-11,,0,Paid
256,827,Pro,2025-06-13,2027-01-31,999,Pending
257,294,Pro,2025-10-16,2026-08-18,999,Paid
258,238,Pro,2024-08-23,2027-02-17,999,Pending
259,218,Pro,2024-07-18,2024-12-15,999,Pending
260,628,Free,2024-07-25,,0,Failed
261,514,Free,2025-07-17,,0,Failed
262,838,Pro,2025-08-01,2026-07-27,999,Pending
263,661,Free,2024-07-11,,0,Failed
264,271,Free,2024-07-20,,0,Failed
265,556,Premium,2026-03-15,2027-03-18,499,Pending
266,292,Free,2024-08-10,,0,Pending
267,713,Pro,2024-08-13,2027-01-06,999,Paid
268,418,Pro,2026-06-17,2027-07-01,999,Paid
269,625,Premium,2025-09-09,2027-04-23,499,Paid
270,715,Free,2025-06-29,,0,Failed
271,68,Free,2026-02-10,,0,Failed
272,794,Pro,2026-04-08,2026-06-15,999,Paid
273,105,Pro,2025-06-18,2026-04-14,999,Failed
274,140,Free,2025-03-30,,0,Failed
275,72,Pro,2025-05-08,2027-02-13,999,Pending
276,354,Free,2025-12-28,,0,Pending
277,524,Premium,2025-07-29,2026-06-06,499,Pending
278,96,Free,2025-01-01,,0,Paid
279,580,Premium,2026-06-08,2027-01-14,499,Failed
280,775,Premium,2025-05-21,2026-10-30,499,Pending
281,976,Premium,2025-03-05,2025-09-15,499,Failed
282,462,Free,2025-03-06,,0,Failed
283,431,Free,2026-05-27,,0,Failed
284,710,Premium,2025-11-11,2026-05-26,499,Failed
285,194,Pro,2025-06-02,2026-04-26,999,Paid
286,246,Free,2026-05-22,,0,Failed
287,134,Premium,2025-08-30,2026-09-02,499,Pending
288,475,Pro,2025-07-30,2026-10-03,999,Failed
289,80,Free,2025-06-11,,0,Failed
290,395,Free,2026-06-06,,0,Failed
291,870,Free,2025-12-07,,0,Failed
292,147,Free,2025-01-11,,0,Pending
293,927,Free,2026-03-05,,0,Failed
294,534,Pro,2025-08-14,2025-09-03,999,Paid
295,13,Free,2025-08-22,,0,Paid
296,949,Free,2025-12-14,,0,Pending
297,738,Pro,2025-05-19,2026-10-11,999,Pending
298,510,Pro,2026-06-08,2026-09-21,999,Paid
299,159,Pro,2024-07-19,2027-06-07,999,Pending
300,202,Premium,2024-12-05,2026-02-17,499,Pending
301,790,Free,2026-01-24,,0,Failed
302,339,Free,2025-02-14,,0,Paid
303,64,Pro,2025-08-10,2026-06-28,999,Failed
304,183,Premium,2025-07-27,2026-05-08,499,Pending
305,860,Pro,2025-09-20,2027-03-13,999,Pending
306,206,Premium,2026-03-16,2026-11-25,499,Failed
307,151,Premium,2025-05-29,2026-01-11,499,Paid
308,364,Free,2026-04-18,,0,Paid
309,488,Pro,2025-12-09,2026-08-27,999,Pending
310,319,Pro,2025-02-12,2026-07-29,999,Failed
311,706,Free,2026-01-01,,0,Paid
312,525,Premium,2024-08-11,2026-05-19,499,Paid
313,705,Pro,2025-06-10,2027-01-10,999,Paid
314,369,Pro,2026-02-16,2026-03-09,999,Failed
315,71,Free,2024-11-07,,0,Failed
316,487,Premium,2026-03-29,2026-09-03,499,Pending
317,216,Free,2025-11-26,,0,Paid
318,998,Premium,2026-03-24,2026-11-24,499,Paid
319,92,Pro,2026-05-11,2026-10-03,999,Failed
320,971,Pro,2025-04-17,2027-05-22,999,Pending
321,290,Free,2025-06-30,,0,Pending
322,169,Pro,2025-10-02,2025-10-05,999,Failed
323,234,Pro,2025-01-18,2027-02-15,999,Pending
324,261,Pro,2025-05-04,2025-07-15,999,Failed
325,451,Free,2025-01-14,,0,Pending
326,963,Premium,2025-04-27,2026-12-13,499,Paid
327,677,Premium,2024-11-15,2026-04-09,499,Paid
328,193,Free,2024-08-15,,0,Pending
329,52,Pro,2025-06-06,2026-02-23,999,Pending
330,631,Premium,2026-07-02,2026-08-07,499,Paid
331,285,Premium,2025-04-28,2025-10-13,499,Pending
332,23,Pro,2024-07-23,2024-11-03,999,Failed
333,372,Free,2025-07-18,,0,Pending
334,242,Premium,2025-07-29,2027-05-18,499,Pending
335,1,Free,2026-06-03,,0,Pending
336,926,Free,2024-09-28,,0,Failed
337,276,Premium,2026-04-04,2027-03-06,499,Paid
338,854,Free,2025-04-20,,0,Paid
339,198,Pro,2025-10-02,2026-09-25,999,Failed
340,119,Premium,2025-03-02,2025-10-22,499,Pending
341,609,Pro,2024-08-04,2025-11-19,999,Pending
342,612,Free,2026-05-19,,0,Failed
343,399,Free,2024-09-28,,0,Failed
344,496,Pro,2024-08-07,2025-02-16,999,Failed
345,886,Free,2025-12-12,,0,Failed
346,802,Premium,2026-01-08,2026-04-19,499,Paid
347,902,Free,2026-06-25,,0,Failed
348,814,Pro,2024-07-06,2027-02-24,999,Paid
349,863,Free,2025-03-25,,0,Paid
350,152,Free,2026-04-23,,0,Failed
351,549,Pro,2025-02-12,2025-10-09,999,Pending
352,939,Pro,2026-05-03,2026-07-22,999,Pending
353,235,Free,2025-11-20,,0,Failed
354,322,Premium,2026-04-14,2026-06-16,499,Paid
355,636,Pro,2025-09-18,2026-08-18,999,Pending
356,250,Premium,2025-05-18,2026-01-01,499,Pending
357,73,Pro,2024-07-19,2026-08-15,999,Failed
358,81,Premium,2025-10-20,2027-05-31,499,Paid
359,405,Pro,2025-08-20,2025-08-27,999,Paid
360,321,Pro,2026-04-15,2027-03-29,999,Failed
361,392,Pro,2026-02-18,2027-06-18,999,Pending
362,858,Free,2025-08-25,,0,Paid
363,86,Pro,2025-08-07,2025-11-23,999,Pending
364,762,Free,2024-11-28,,0,Pending
365,255,Pro,2025-02-19,2025-07-23,999,Pending
366,315,Free,2025-04-11,,0,Pending
367,275,Pro,2025-02-15,2026-08-24,999,Failed
368,557,Pro,2026-05-13,2026-07-17,999,Pending
369,398,Free,2024-08-18,,0,Failed
370,165,Premium,2025-03-16,2025-12-17,499,Failed
371,980,Free,2025-05-06,,0,Paid
372,936,Free,2026-01-31,,0,Pending
373,314,Free,2025-03-27,,0,Paid
374,757,Free,2025-01-14,,0,Pending
375,20,Premium,2025-07-18,2026-09-28,499,Paid
376,799,Premium,2025-06-03,2026-08-30,499,Pending
377,316,Pro,2025-07-29,2025-09-06,999,Paid
378,712,Premium,2026-05-16,2026-09-28,499,Failed
379,800,Premium,2025-08-25,2027-02-12,499,Pending
380,231,Premium,2025-02-15,2027-02-01,499,Failed
381,809,Free,2026-02-23,,0,Paid
382,960,Pro,2025-10-14,2027-01-09,999,Paid
383,617,Pro,2024-12-14,2025-02-23,999,Pending
384,784,Free,2024-09-03,,0,Pending
385,596,Free,2025-09-30,,0,Paid
386,145,Premium,2024-12-02,2025-08-09,499,Paid
387,999,Pro,2025-01-07,2025-12-13,999,Failed
388,568,Pro,2024-07-07,2026-11-13,999,Paid
389,383,Free,2024-08-20,,0,Failed
390,642,Free,2025-02-26,,0,Pending
391,887,Pro,2025-04-22,2026-06-24,999,Failed
392,141,Free,2026-01-24,,0,Failed
393,433,Free,2026-05-11,,0,Pending
394,866,Free,2025-11-15,,0,Pending
395,495,Free,2025-01-03,,0,Failed
396,163,Free,2025-10-11,,0,Paid
397,217,Premium,2025-10-20,2026-06-03,499,Failed
398,209,Free,2025-01-27,,0,Failed
399,599,Premium,2025-03-04,2026-07-31,499,Failed
400,595,Free,2025-04-12,,0,Paid
401,444,Free,2025-04-15,,0,Failed
402,77,Premium,2024-08-22,2026-05-17,499,Paid
403,550,Premium,2025-08-31,2026-10-07,499,Paid
404,279,Pro,2026-01-04,2026-09-15,999,Paid
405,498,Pro,2026-04-21,2027-04-17,999,Paid
406,16,Pro,2025-01-29,2025-10-21,999,Pending
407,288,Free,2026-03-15,,0,Failed
408,993,Free,2024-11-05,,0,Pending
409,988,Premium,2025-09-11,2026-01-02,499,Paid
410,345,Free,2025-03-21,,0,Paid
411,825,Premium,2026-04-11,2026-06-29,499,Pending
412,966,Premium,2025-09-17,2027-06-15,499,Pending
413,403,Free,2025-09-30,,0,Failed
414,168,Pro,2025-08-14,2026-03-16,999,Pending
415,673,Free,2025-02-12,,0,Pending
416,211,Premium,2026-05-03,2027-06-08,499,Paid
417,627,Premium,2025-01-23,2026-02-17,499,Pending
418,675,Pro,2025-11-01,2026-09-25,999,Paid
419,954,Pro,2026-05-23,2027-05-26,999,Failed
420,175,Premium,2025-09-16,2025-10-20,499,Failed
421,30,Premium,2024-07-20,2027-02-07,499,Paid
422,511,Pro,2025-02-08,2026-03-26,999,Failed
423,964,Pro,2025-10-30,2026-02-28,999,Pending
424,226,Pro,2025-08-13,2025-10-14,999,Failed
425,622,Free,2024-12-26,,0,Failed
426,289,Pro,2024-07-07,2026-07-18,999,Paid
427,281,Pro,2024-09-03,2025-03-17,999,Failed
428,220,Premium,2025-12-05,2026-03-07,499,Pending
429,35,Pro,2025-02-03,2026-04-20,999,Failed
430,65,Pro,2026-02-09,2026-07-28,999,Pending
431,859,Free,2025-05-05,,0,Pending
432,110,Free,2024-11-07,,0,Paid
433,113,Free,2024-11-10,,0,Paid
434,48,Free,2025-05-29,,0,Pending
435,722,Pro,2025-03-14,2026-06-02,999,Pending
436,906,Pro,2026-01-28,2026-01-28,999,Failed
437,829,Premium,2024-12-14,2025-07-29,499,Failed
438,720,Free,2025-05-16,,0,Pending
439,938,Pro,2024-12-11,2026-01-06,999,Paid
440,686,Pro,2025-08-02,2027-05-29,999,Pending
441,789,Premium,2026-03-17,2027-05-18,499,Pending
442,38,Free,2025-01-29,,0,Paid
443,843,Pro,2024-10-30,2026-06-23,999,Pending
444,272,Pro,2026-03-01,2027-02-26,999,Failed
445,421,Pro,2024-10-30,2026-03-04,999,Paid
446,801,Premium,2024-09-20,2025-04-19,499,Pending
447,82,Pro,2026-06-29,2027-03-15,999,Paid
448,470,Pro,2024-09-07,2024-10-27,999,Paid
449,515,Free,2025-05-13,,0,Pending
450,486,Pro,2024-11-11,2026-06-22,999,Paid
451,930,Premium,2024-11-27,2027-04-04,499,Failed
452,374,Premium,2024-11-03,2024-11-11,499,Pending
453,474,Pro,2026-03-21,2026-03-26,999,Failed
454,723,Premium,2026-03-26,2027-04-15,499,Failed
455,821,Premium,2025-10-23,2027-07-03,499,Paid
456,355,Pro,2024-07-29,2027-02-28,999,Failed
457,507,Pro,2025-04-18,2026-10-07,999,Paid
458,587,Pro,2025-08-04,2025-08-21,999,Failed
459,538,Free,2025-07-30,,0,Pending
460,737,Pro,2024-08-30,2024-11-07,999,Paid
461,909,Premium,2025-08-30,2025-10-08,499,Paid
462,970,Premium,2024-07-06,2025-03-31,499,Pending
463,484,Pro,2025-08-03,2026-03-03,999,Paid
464,425,Free,2025-08-12,,0,Failed
465,59,Premium,2025-06-17,2025-07-27,499,Pending
466,190,Free,2025-07-02,,0,Pending
467,414,Pro,2025-09-02,2026-03-01,999,Failed
468,131,Free,2025-04-04,,0,Failed
469,6,Premium,2025-03-12,2026-10-01,499,Paid
470,341,Premium,2024-09-26,2025-07-19,499,Pending
471,645,Free,2025-11-28,,0,Failed
472,679,Premium,2025-01-02,2025-09-20,499,Paid
473,497,Free,2025-07-30,,0,Paid
474,940,Premium,2024-08-08,2025-09-07,499,Failed
475,482,Premium,2025-09-01,2026-02-18,499,Paid
476,100,Free,2024-12-22,,0,Failed
477,735,Free,2026-03-08,,0,Failed
478,232,Free,2024-12-14,,0,Pending
479,347,Pro,2024-09-16,2024-10-16,999,Failed
480,505,Pro,2026-05-05,2026-11-27,999,Pending
481,476,Premium,2025-09-16,2027-03-24,499,Paid
482,660,Pro,2026-06-17,2027-05-18,999,Failed
483,333,Premium,2024-11-03,2026-06-03,499,Paid
484,535,Free,2025-07-22,,0,Paid
485,637,Pro,2025-07-29,2025-10-11,999,Pending
486,293,Premium,2025-04-14,2025-08-04,499,Failed
487,655,Pro,2025-11-04,2027-01-09,999,Failed
488,553,Premium,2025-10-28,2026-09-13,499,Pending
489,99,Premium,2025-02-18,2025-06-08,499,Failed
490,853,Premium,2026-02-16,2027-03-15,499,Pending
491,208,Pro,2025-10-25,2026-11-28,999,Failed
492,57,Free,2026-04-17,,0,Failed
493,9,Pro,2025-11-17,2026-04-10,999,Pending
494,61,Free,2026-06-29,,0,Paid
495,517,Premium,2025-07-07,2027-05-09,499,Paid
496,835,Premium,2026-05-16,2026-10-07,499,Pending
497,432,Premium,2025-03-29,2026-07-13,499,Failed
498,991,Pro,2026-07-01,2027-04-08,999,Failed
499,519,Premium,2025-08-12,2026-02-09,499,Failed
500,576,Free,2024-08-08,,0,Pending
501,452,Pro,2025-02-04,2025-07-15,999,Failed
502,493,Premium,2025-12-28,2027-02-15,499,Pending
503,910,Free,2025-02-19,,0,Pending
504,820,Premium,2024-10-14,2026-04-09,499,Failed
505,467,Pro,2024-08-31,2025-11-26,999,Failed
506,588,Pro,2026-06-29,2027-05-03,999,Failed
507,133,Free,2026-03-15,,0,Paid
508,300,Premium,2025-10-21,2027-06-10,499,Pending
509,430,Premium,2026-01-19,2026-04-13,499,Paid
510,781,Premium,2025-08-30,2025-11-29,499,Paid
511,566,Premium,2025-11-23,2026-08-18,499,Pending
512,323,Pro,2025-12-09,2027-05-20,999,Pending
513,896,Pro,2025-04-06,2025-10-25,999,Paid
514,311,Free,2024-08-17,,0,Pending
515,692,Pro,2025-06-21,2026-12-03,999,Failed
516,58,Pro,2024-07-16,2025-07-02,999,Failed
517,458,Free,2024-08-04,,0,Paid
518,684,Pro,2024-10-26,2025-07-23,999,Paid
519,305,Pro,2024-12-23,2026-10-03,999,Pending
520,900,Premium,2024-07-09,2026-08-14,499,Paid
521,659,Free,2025-10-11,,0,Paid
522,332,Free,2025-11-17,,0,Failed
523,793,Free,2025-01-15,,0,Pending
524,948,Premium,2024-09-03,2025-01-19,499,Pending
525,55,Free,2026-06-08,,0,Pending
526,122,Premium,2025-06-22,2026-01-12,499,Failed
527,839,Free,2026-03-21,,0,Pending
528,731,Premium,2025-11-08,2026-05-11,499,Pending
529,540,Pro,2026-06-15,2027-05-04,999,Paid
530,601,Free,2025-12-08,,0,Pending
531,400,Pro,2024-10-28,2025-12-17,999,Paid
532,29,Pro,2025-05-12,2026-10-09,999,Failed
533,346,Premium,2025-06-18,2026-03-10,499,Paid
534,698,Premium,2025-09-26,2027-04-01,499,Paid
535,986,Premium,2024-07-28,2025-01-28,499,Paid
536,779,Pro,2026-03-02,2026-07-20,999,Paid
537,907,Pro,2025-05-23,2026-04-05,999,Failed
538,389,Pro,2025-09-17,2025-10-05,999,Paid
539,718,Free,2025-01-24,,0,Paid
540,581,Free,2025-10-14,,0,Failed
541,138,Pro,2024-07-19,2025-07-27,999,Failed
542,733,Premium,2026-04-07,2027-06-10,499,Paid
543,918,Premium,2025-06-27,2026-12-26,499,Pending
544,11,Free,2025-10-23,,0,Failed
545,653,Premium,2024-08-12,2025-10-30,499,Pending
546,438,Premium,2025-06-24,2026-07-23,499,Failed
547,178,Free,2025-12-22,,0,Pending
548,67,Free,2025-11-20,,0,Pending
549,310,Pro,2025-03-24,2025-08-10,999,Pending
550,291,Pro,2026-02-05,2026-04-16,999,Pending
551,857,Premium,2025-10-18,2025-12-03,499,Pending
552,313,Free,2025-06-10,,0,Pending
553,368,Free,2025-09-03,,0,Paid
554,846,Premium,2024-11-16,2027-06-07,499,Pending
555,8,Premium,2025-06-09,2027-03-06,499,Pending
556,952,Free,2024-12-07,,0,Pending
557,350,Pro,2024-12-12,2027-03-08,999,Pending
558,306,Pro,2025-12-27,2026-03-15,999,Failed
559,616,Free,2024-09-30,,0,Paid
560,450,Pro,2024-08-26,2024-10-01,999,Pending
561,449,Pro,2024-07-12,2025-05-08,999,Pending
562,419,Premium,2026-04-10,2026-12-17,499,Pending
563,824,Free,2025-09-27,,0,Pending
564,258,Free,2025-02-03,,0,Pending
565,187,Pro,2025-07-29,2027-02-08,999,Pending
566,607,Free,2026-06-05,,0,Pending
567,826,Free,2026-03-28,,0,Paid
568,251,Premium,2025-06-01,2026-09-25,499,Pending
569,693,Premium,2025-02-08,2027-02-01,499,Failed
570,756,Pro,2026-02-23,2027-03-25,999,Failed
571,33,Pro,2026-04-28,2027-01-05,999,Failed
572,137,Free,2025-03-03,,0,Paid
573,908,Pro,2024-08-01,2025-09-18,999,Failed
574,582,Pro,2025-02-02,2025-06-13,999,Paid
575,522,Pro,2024-10-28,2025-02-19,999,Failed
576,297,Free,2025-11-01,,0,Paid
577,513,Premium,2025-07-14,2026-07-02,499,Pending
578,361,Free,2025-12-29,,0,Failed
579,872,Pro,2025-11-25,2026-07-18,999,Pending
580,109,Pro,2025-11-06,2027-05-20,999,Pending
581,225,Free,2024-12-08,,0,Paid
582,480,Free,2026-04-22,,0,Failed
583,882,Pro,2025-07-19,2027-05-04,999,Failed
584,921,Free,2025-10-08,,0,Pending
585,833,Premium,2025-11-30,2026-01-10,499,Paid
586,434,Pro,2025-10-06,2026-03-31,999,Failed
587,440,Pro,2025-05-16,2026-10-03,999,Pending
588,958,Premium,2025-09-22,2026-03-08,499,Paid
589,199,Premium,2026-01-31,2026-09-28,499,Pending
590,460,Free,2025-12-27,,0,Paid
591,435,Free,2026-04-19,,0,Paid
592,253,Premium,2026-06-02,2027-06-27,499,Pending
593,585,Free,2025-01-15,,0,Paid
594,148,Free,2024-07-29,,0,Failed
595,349,Free,2026-05-10,,0,Pending
596,363,Free,2024-11-04,,0,Pending
597,457,Free,2025-02-14,,0,Paid
598,768,Pro,2026-03-31,2027-03-02,999,Pending
599,282,Premium,2026-02-02,2026-04-08,499,Failed
600,748,Pro,2025-09-06,2027-04-03,999,Failed
601,564,Free,2025-05-24,,0,Pending
602,98,Free,2024-07-10,,0,Paid
603,984,Premium,2026-05-15,2026-07-18,499,Failed
604,177,Premium,2024-09-16,2025-07-23,499,Pending
605,182,Free,2025-11-26,,0,Failed
606,772,Pro,2024-08-02,2026-01-14,999,Failed
607,945,Pro,2026-06-15,2026-07-17,999,Failed
608,185,Free,2026-01-26,,0,Failed
609,212,Premium,2025-04-21,2027-02-11,499,Failed
610,5,Premium,2024-11-28,2025-05-26,499,Paid
611,736,Pro,2024-08-05,2026-05-24,999,Failed
612,111,Pro,2025-07-22,2026-12-07,999,Pending
613,922,Premium,2024-12-24,2025-09-12,499,Pending
614,901,Free,2024-10-30,,0,Pending
615,95,Premium,2024-08-01,2027-05-27,499,Paid
616,359,Pro,2026-04-11,2027-04-19,999,Pending
617,413,Pro,2025-04-03,2026-11-03,999,Pending
618,342,Free,2025-08-04,,0,Pending
619,818,Pro,2024-12-09,2027-01-23,999,Pending
620,27,Premium,2025-11-05,2026-03-22,499,Pending
621,296,Free,2026-05-22,,0,Failed
622,247,Pro,2024-11-20,2026-05-06,999,Failed
623,785,Pro,2025-08-10,2025-08-21,999,Pending
624,891,Free,2026-04-12,,0,Pending
625,426,Premium,2026-05-09,2026-11-05,499,Paid
626,156,Premium,2026-02-04,2026-09-06,499,Paid
627,407,Free,2024-12-09,,0,Paid
628,630,Premium,2026-04-06,2026-04-13,499,Paid
629,243,Free,2024-10-12,,0,Failed
630,146,Pro,2024-11-29,2024-12-24,999,Paid
631,334,Premium,2025-05-05,2026-12-31,499,Failed
632,380,Premium,2025-01-27,2027-04-08,499,Paid
633,78,Free,2025-12-12,,0,Paid
634,615,Free,2024-09-24,,0,Pending
635,170,Premium,2025-04-30,2026-12-13,499,Paid
636,303,Premium,2025-07-27,2026-09-30,499,Paid
637,376,Pro,2025-08-19,2026-02-16,999,Paid
638,362,Pro,2026-06-11,2026-08-22,999,Paid
639,700,Pro,2025-07-04,2026-01-10,999,Paid
640,15,Pro,2024-09-14,2027-06-18,999,Pending
641,913,Premium,2026-06-23,2026-07-09,499,Pending
642,360,Premium,2025-11-01,2026-09-27,499,Paid
643,764,Pro,2026-05-24,2026-11-24,999,Failed
644,103,Pro,2025-08-30,2026-06-14,999,Pending
645,263,Premium,2024-08-10,2026-05-14,499,Paid
646,933,Free,2025-06-01,,0,Paid
647,227,Free,2024-11-29,,0,Failed
648,544,Free,2024-07-17,,0,Pending
649,541,Premium,2025-07-14,2026-07-19,499,Failed
650,51,Premium,2025-04-09,2026-04-29,499,Failed
651,546,Pro,2025-06-23,2025-07-25,999,Pending
652,771,Premium,2024-12-03,2026-03-20,499,Pending
653,648,Premium,2026-06-11,2027-03-03,499,Pending
654,125,Premium,2025-01-24,2026-09-16,499,Paid
655,278,Pro,2026-05-18,2027-02-09,999,Failed
656,518,Free,2026-04-25,,0,Pending
657,742,Pro,2024-08-20,2026-10-02,999,Paid
658,876,Premium,2024-09-18,2024-11-09,499,Pending
659,795,Pro,2026-01-09,2026-10-05,999,Paid
660,928,Premium,2024-07-26,2024-08-23,499,Failed
661,760,Premium,2024-11-22,2027-04-29,499,Failed
662,589,Premium,2026-02-02,2026-06-27,499,Failed
663,335,Premium,2024-11-11,2027-05-21,499,Failed
664,758,Free,2026-01-17,,0,Paid
665,647,Free,2024-09-03,,0,Paid
666,987,Free,2025-03-10,,0,Pending
667,523,Free,2025-03-27,,0,Failed
668,43,Free,2026-01-16,,0,Failed
669,396,Free,2025-12-13,,0,Pending
670,106,Pro,2025-04-15,2026-08-27,999,Failed
671,358,Free,2025-11-03,,0,Paid
672,1000,Premium,2025-03-06,2025-11-28,499,Paid
673,344,Pro,2026-03-30,2027-05-25,999,Paid
674,70,Free,2025-12-13,,0,Pending
675,441,Premium,2024-08-27,2025-08-08,499,Failed
676,94,Premium,2025-04-24,2027-04-14,499,Failed
677,905,Premium,2026-01-29,2026-05-07,499,Pending
678,120,Premium,2025-05-02,2025-12-17,499,Paid
679,925,Premium,2026-06-07,2026-06-15,499,Paid
680,56,Premium,2025-01-21,2027-04-30,499,Failed
681,155,Premium,2025-06-07,2026-02-26,499,Failed
682,144,Pro,2025-07-12,2027-03-12,999,Failed
683,962,Free,2024-10-17,,0,Paid
684,89,Premium,2025-04-15,2026-08-10,499,Paid
685,682,Premium,2024-11-19,2026-01-18,499,Failed
686,643,Free,2026-03-03,,0,Paid
687,181,Pro,2025-04-30,2027-03-20,999,Failed
688,972,Pro,2025-02-22,2026-06-23,999,Pending
689,704,Pro,2025-05-03,2026-03-28,999,Pending
690,929,Free,2025-07-11,,0,Pending
691,851,Pro,2024-11-03,2026-06-10,999,Paid
692,367,Premium,2024-07-27,2026-09-27,499,Failed
693,274,Free,2026-06-04,,0,Paid
694,548,Free,2026-05-06,,0,Pending
695,448,Premium,2026-06-19,2026-09-24,499,Failed
696,196,Premium,2025-09-19,2026-05-20,499,Pending
697,711,Premium,2025-10-28,2026-12-31,499,Paid
698,445,Premium,2026-05-04,2026-06-07,499,Failed
699,880,Pro,2026-03-31,2026-10-03,999,Failed
700,428,Premium,2025-04-03,2027-03-23,499,Paid
